DRS_rank	dataset_id	dataset_class	organism	assay_type	tissue	treatment_type	n_samples_used	n_genes_selected	Ccoh	Cout	Csep	Cctx	primary_failure_mode	DRS	DRS_class	coherence_rwithin	coherence_spreadwithin	outlier_fraction	outlier_severity	separation_ratio	silhouette_mean	between_centroid_distance	within_group_spread	context_replicate_score	context_balance_score	context_batch_score	context_metadata_score	min_group_n	n_groups	batch_cramers_v	coherence_corr_score	coherence_spread_score	separation_ratio_score	separation_silhouette_score
1	GSE167521	anchor	mouse	bulk_rnaseq	skin	LNP	8	2000	0.9971065097412436	0.03198701137151066	0.9854717150407496	0.825	Outlier	0.709891309038376	Moderate	0.6562414774952932	3.120333505209305	0.125	2.942425353220229	20.048194061340116	0.7934153898577303	62.55705164853778	3.120333505209305	0.5	1	1	1	4	2		1	0.9942130194824872	0.9709434300814987	1
2	GSE39129	anchor	mouse	bulk_rnaseq	liver	lentivirus	6	2000	0.36551303337868857	1	0.5961661965900421	0.7375	Outlier	0.6747948074921828	Moderate	0.14538164650955546	22.44456313029532	0	0	2.3230695093741045	0.4566336313828487	52.140280259211266	22.44456313029532	0.25	1	1	1	3	2		0.37793928708287694	0.35308677967450014	0.25431768657386866	0.9380147066062156
3	GSE279743	external	mouse	bulk_rnaseq	Lymph Node	LNP	9	2000	0.509762324301515	1	0.4238075822335601	0.7375	Outlier	0.6677674766337688	Moderate	0.19203983927341908	16.93894875123102	0	0	2.8860061007205355	0.2363310038203328	48.88590943584522	16.93894875123102	0.25	0.9999999999999998	1	1	3	3		0.4837763132978708	0.5357483353051593	0.3150714390305307	0.5325437254365895
4	GSE262515	external	mouse	bulk_rnaseq	mixed	LNP	21	2000	0.9701807083165	0.4519903048401275	0.5	0.7326007518012216	Outlier	0.6636929412394623	Moderate	0.393325122187963	1.3760757691696135	0.14285714285714285	0.22266597742012229	43.49027490134118	-0.13052310104336798	59.84591348626101	1.3760757691696135	0.25	0.9755037590061084	1	1	3	6		0.9403614166329998	1	1	0
5	GSE279744	calibration	mouse	bulk_rnaseq	lymph node	LNP	9	2000	0.3559531755921334	1	0.3604866841454637	0.7375	Outlier	0.6134849649343993	Moderate	0.12512765945781912	21.63607784114351	0	0	1.9886592277937791	0.22290443729428824	43.02678585205456	21.63607784114351	0.25	0.9999999999999998	1	1	3	3		0.33199619259995083	0.379910158584316	0.2131414820334221	0.5078318862575053
6	GSE279372	external	mouse	bulk_rnaseq	draining lymph nodes	LNP	28	2000	0.6781975900633277	0.35366675856742613	0.144401268211587	0.825	Outlier	0.5003164042105852	Low	0.3479613249404949	17.445731184049883	0.07142857142857142	0.7536858834706655	2.486461632366616	-0.0444012731797679	43.378141237721856	17.445731184049883	0.5	1	1	1	4	7		0.8374605301200869	0.5189346500065686	0.272951657824794	0.01585087859837999
7	GSE178313	external	mouse	bulk_rnaseq	Liver	unknown	8	2000	0.10431062310365306	1	0.05673172500902836	0.825	Outlier	0.49651058702817036	Low	-0.0109389332220038	27.502696093894308	0	0	0.8229081969791303	-0.00288907334091524	22.632194054691535	27.502696093894308	0.5	1	1	1	4	2		0.02334978596945931	0.1852714602378468	0.02120861480144384	0.09225483521661287
8	GSE264344	anchor	mouse	bulk_rnaseq	mixed	adenovirus	195	2000	0	1	0.01457702376051982	0.9658487801582892	Outlier	0.4951064509797023	Low	-0.11387633176010135	38.926045435539706	0	0	0.05562121522930556	-0.03717332542351681	2.1651139511958815	38.926045435539706	1	0.8292439007914473	1	1	15	3		0	0	0	0.02915404752103964
9	GSE166655	external	mouse	bulk_rnaseq	Tibialis anterior	LNP	9	2000	0.5050095028397651	0.10342586753137582	0.6152097232585823	0.7375	Outlier	0.4902862734074308	Low	0.05158025433426318	7.622175835987467	0.3333333333333333	0.9355668453125694	8.939544335232075	0.24622573510000503	68.13877881674456	7.622175835987467	0.25	0.9999999999999998	1	1	3	3		0.1651650707109943	0.8448539349685359	0.6796642887215125	0.5507551577956519
10	GSE139529	external	mouse	bulk_rnaseq	blood	vaccine	65	2000	0.24722504689935323	0.4612138087952424	0.09220980273517716	0.9123963476839968	Outlier	0.4282612515284424	Low	0.1872560995675328	32.438190268648484	0.04615384615384615	0.5892781654069701	1.0742498430012517	0.00841814218945178	34.84672080334036	32.438190268648484	0.75	0.9994817384199846	1	1	5	11		0.4729251260857995	0.02152496771290689	0.0713536350161768	0.11306597045417752
